PruebaID;Codigo;Area;Nombre;TipoMuestra;Ayuno;HorasAyuno;Origen;Aplicar
445;COA011;COA;ANTICOAGULANTE LUPICO;SANGRE;No;0;area;OK
488;COA001;COA;CONTROL (INR);SANGRE;No;0;area;OK
489;COA002;COA;CONTROL (PT);SANGRE;No;0;area;OK
490;COA003;COA;CONTROL (PTT);SANGRE;No;0;area;OK
231;232;COA;DIMERO D;SANGRE;No;0;area;OK
124;125;COA;FACTOR XIII UREA 5 MOLAR;SANGRE;No;0;area;OK
121;122;COA;FIBRINOGENO;SANGRE;No;0;area;OK
491;COA004;COA;I.S.I.;SANGRE;No;0;area;OK
286;287;COA;INR;SANGRE;No;0;area;OK
492;COA005;COA;PACIENTE (PTT);SANGRE;No;0;area;OK
329;COAG001;COA;PERFIL DE COAGULACION;SANGRE;No;0;ya asignado;
493;COA006;COA;RAZON (INR);SANGRE;No;0;area;OK
494;COA007;COA;RAZON (PT);SANGRE;No;0;area;OK
495;COA008;COA;TIEMPO DE RETRACCION DEL COAGULO;SANGRE;No;0;area;OK
122;123;COA;TIEMPO DE RETRACCION DEL CUAGULO;SANGRE;No;0;area;OK
123;124;COA;TIEMPO DE SANGRIA  ( DUKE);SANGRE;No;0;area;OK
659;COA010;COA;TIEMPO DE SANGRIA Y COAGULACION;SANGRE;No;0;area;OK
496;COA009;COA;TIEMPO DE SANGRÍA Y COAGULACIÓN;SANGRE;No;0;area;OK
119;120;COA;TP;SANGRE;No;0;area;OK
330;COAG002;COA;TP + INR;SANGRE;No;0;ya asignado;
125;126;COA;TP CORREGIDO;SANGRE;No;0;area;OK
7;8;COA;TP INR;SANGRE;No;0;area;OK
120;121;COA;TPT;SANGRE;No;0;area;OK
126;127;COA;TPT CORREGIDO;SANGRE;No;0;area;OK
259;260;GEN;ALCOHOL ETILICO ( ALCOHOLEMIA);SANGRE;No;0;area;OK
277;278;GEN;ANALISIS INTEGRAL DE CALCULOS;SANGRE;No;0;area;OK
653;GEN008;GEN;BB (BUFFER BASE) - GASES ARTERIALES;SANGRE;No;0;area;OK
230;231;GEN;BENZODIACEPINAS;SANGRE;No;0;area;OK
649;GEN007;GEN;CARBAMACEPINA (TEGRETOL);SANGRE;No;0;area;OK
229;230;GEN;CARBAMAZEPINA;SANGRE;No;0;area;OK
236;237;GEN;CLONAZEPAN;SANGRE;No;0;area;OK
583;GEN001;GEN;CO2 Total;SANGRE;No;0;area;OK
258;259;GEN;COCAINA;SANGRE;No;0;area;OK
233;234;GEN;DIFENILHIDANTOINA;SANGRE;No;0;area;OK
232;233;GEN;DIGOXINA;SANGRE;No;0;area;OK
656;GEN011;GEN;EB (EXCESO DE BASE) - GASES VENOSOS;SANGRE;No;0;area;OK
155;156;GEN;ELISA;SANGRE;No;0;area;OK
219;220;GEN;EOSINOFILOS EN EXUDADO FARINGEO;EXUDADO;No;0;nombre;OK
26;27;GEN;ESPERMOGRAMA;SEMEN;No;0;nombre;OK
660;GEN012;GEN;EXCESO DE BASE (BE) ECF;SANGRE;No;0;area;OK
654;GEN009;GEN;EXCESO DE BASE (BE) ECF - GASES ARTERIALES;SANGRE;No;0;area;OK
234;235;GEN;FENITOINA;SANGRE;No;0;area;OK
35;36;GEN;GASES VENOSOS;SANGRE;No;0;area;OK
584;GEN002;GEN;HCO3 actual;SANGRE;No;0;area;OK
14;15;GEN;LIQUIDO  ORGANICO CITOQUIMICO;SANGRE;No;0;area;OK
45;46;GEN;LIQUIDO AMNIOTICO (CITOQUIMICO);SANGRE;No;0;area;OK
70;71;GEN;LIQUIDO ORGANICO CITOQUIMICO;SANGRE;No;0;area;OK
48;49;GEN;LIQUIDO PERITONEAL CITOQUIMICO;SANGRE;No;0;area;OK
29;30;GEN;LIQUIDO PLEURAL CITOQUIMICO;SANGRE;No;0;area;OK
46;47;GEN;LIQUIDO SINOVIAL (CITIQUIMICO );SANGRE;No;0;area;OK
257;258;GEN;MARIHUANA;SANGRE;No;0;area;OK
586;GEN004;GEN;pCO2;SANGRE;No;0;area;OK
587;GEN005;GEN;pO2;SANGRE;No;0;area;OK
588;GEN006;GEN;SatO2;SANGRE;No;0;area;OK
661;GEN013;GEN;SATURACION DE O2;SANGRE;No;0;area;OK
585;GEN003;GEN;Saturación de O2;SANGRE;No;0;area;OK
655;GEN010;GEN;SATURACION DE O2 - GASES ARTERIALES;SANGRE;No;0;area;OK
235;236;GEN;TEOFILINA;SANGRE;No;0;area;OK
589;HEM002;HEM;2DA HORA;SANGRE;No;0;area;OK
591;HEM004;HEM;CELULAS INMADURAS;SANGRE;No;0;area;OK
592;HEM005;HEM;CELULAS MEDIA;SANGRE;No;0;area;OK
453;HEM011;HEM;CONTAJE ABSOLUTO DE EOSINOFILOS;SANGRE;No;0;area;OK
458;HEM012;HEM;DESCRIPCION DE PLAQUETAS;SANGRE;No;0;area;OK
593;HEM006;HEM;DIFERENCIA (PTT);SANGRE;No;0;area;OK
82;83;HEM;DONANTES;SANGRE;No;0;area;OK
461;HEM013;HEM;DREPANOCITOS;SANGRE;No;0;area;OK
228;229;HEM;FENOBARBITAL;SANGRE;No;0;area;OK
18;19;HEM;FROTIS DE SANGRE PERIFERICA;SANGRE;No;0;nombre;OK
12;13;HEM;GRUPO SANGUINEO  Y  FACTOR Rh;SANGRE;No;0;area;OK
209;210;HEM;HEMATOCRITO;SANGRE;No;0;area;OK
365;HEM001;HEM;Hematologia Completa;SANGRE;No;0;ya asignado;
208;209;HEM;HEMOGLOBINA;SANGRE;No;0;nombre;OK
595;HEM008;HEM;LINFOCITOS REACTIVOS;SANGRE;No;0;area;OK
596;HEM009;HEM;MPV;SANGRE;No;0;area;OK
210;211;HEM;PLAQUETAS.;SANGRE;No;0;area;OK
597;HEM010;HEM;RDW;SANGRE;No;0;area;OK
590;HEM003;HEM;RETICULOCITOS;SANGRE;No;0;area;OK
309;HEMA004;HEM;VSG;SANGRE;No;0;ya asignado;
275;276;HOR;17 0H-PROGESTERONA;SANGRE;No;0;area;OK
425;HORM006;HOR;17 HIDROXIPROGESTERONA (17 OH);SANGRE;No;0;area;OK
427;HORM007;HOR;ADRENALINA;SANGRE;No;0;area;OK
428;HORM008;HOR;ADRENOCORTICOTROPICA (ACTH);SANGRE;No;0;area;OK
429;HORM009;HOR;ANDROSTENEDIONA;SANGRE;No;0;area;OK
287;288;HOR;ANTI - MICROSOMALES;SANGRE;No;0;area;OK
434;HORM010;HOR;ANTI TIROGLOBULINA (ANTI TG);SANGRE;No;0;area;OK
519;SER028;HOR;ANTICUERPOS ANTI-PEROXIDASA (TPO);SANGRE;No;0;area;OK
447;HORM011;HOR;ANTICUERPOS ANTI-RECEPTOR DE TSH;SANGRE;No;0;area;OK
188;189;HOR;ANTIMICROSOMAL TIROIDEO;SANGRE;No;0;area;OK
167;168;HOR;ANTI-PEROXIDASA TIROIDEA ( ANTI-TPO);SANGRE;No;0;area;OK
168;169;HOR;ANTI-TIROGLOBULINA;SANGRE;No;0;area;OK
336;HORM005;HOR;BETA HCG;SANGRE;No;0;ya asignado;
153;154;HOR;BhCG;SANGRE;No;0;area;OK
454;COR01;HOR;CORTISOL 4 PM;SANGRE;No;0;area;OK
456;COR02;HOR;CORTISOL 8 AM;SANGRE;No;0;area;OK
262;263;HOR;CORTISOL EN ORINA /24 h;ORINA;No;0;nombre;OK
457;HORM012;HOR;DEHIDROEPIANDROSTENEDIONA (DHEA);SANGRE;No;0;area;OK
276;277;HOR;DEHIDROEPIANDROSTERONA SULFATO [DHEA-S];SANGRE;No;0;area;OK
266;267;HOR;DHEA-S;SANGRE;No;0;area;OK
650;HORM013;HOR;DHEAS - SULFATO DE DEHIDROEPIANDROSTERONA;SANGRE;No;0;area;OK
459;HORM014;HOR;DIHIDROTESTOSTERONA (DHT);SANGRE;No;0;area;OK
460;HORM015;HOR;DOPAMINA;SANGRE;No;0;area;OK
147;148;HOR;ESTRADIOL;SANGRE;No;0;area;OK
462;HORM016;HOR;ESTRIOL LIBRE;SANGRE;No;0;area;OK
156;157;HOR;ESTROGENO;SANGRE;No;0;area;OK
463;HORM017;HOR;ESTROGENOS TOTALES;SANGRE;No;0;area;OK
149;150;HOR;FSH;SANGRE;No;0;area;OK
265;266;HOR;GH;SANGRE;No;0;area;OK
465;HORM018;HOR;HORMONA ANTIMULLERIANA;SANGRE;No;0;area;OK
466;HORM019;HOR;HORMONA DE CRECIMIENTO BASAL;SANGRE;No;0;area;OK
467;HORM020;HOR;HORMONA DE CRECIMIENTO POST EJERCICIO;SANGRE;No;0;area;OK
468;HORM021;HOR;HORMONA LUTEINIZANTE (LH);SANGRE;No;0;area;OK
469;HORM022;HOR;HORMONA PARATORMONA (PTH);SANGRE;No;0;area;OK
470;HORM023;HOR;HORMONA TRANSPORTADORA DE CARGA SEXUAL;SANGRE;No;0;area;OK
194;195;HOR;INSULINA   BASAL;SANGRE;Si;8;area;OK
201;202;HOR;INSULINA  240  MINUTOS;SANGRE;Si;8;area;OK
195;196;HOR;INSULINA  30    MINUTOS;SANGRE;Si;8;area;OK
196;197;HOR;INSULINA  60    MINUTOS;SANGRE;Si;8;area;OK
197;198;HOR;INSULINA  90    MINUTOS;SANGRE;Si;8;area;OK
198;199;HOR;INSULINA 120  MINUTOS;SANGRE;Si;8;area;OK
202;203;HOR;INSULINA 180  MINUTOS;SANGRE;Si;8;area;OK
203;204;HOR;INSULINA 300 MINUTOS;SANGRE;Si;8;area;OK
205;206;HOR;INSULINA 4 PM;SANGRE;Si;8;area;OK
200;201;HOR;INSULINA POST PANDRIAL;SANGRE;Si;8;area;OK
150;151;HOR;LH;SANGRE;No;0;area;OK
263;264;HOR;PARATOHORMONA;SANGRE;No;0;area;OK
473;HORM024;HOR;PEPTIDO C;SANGRE;No;0;area;OK
332;HORM001;HOR;PERFIL TIROIDEO;SANGRE;No;0;ya asignado;
154;155;HOR;POOL DE PROLACTINA;SANGRE;No;0;area;OK
148;149;HOR;PROGESTERONA;SANGRE;No;0;area;OK
151;152;HOR;PROLACTINA;SANGRE;No;0;area;OK
479;HORM025;HOR;SHBG(GLOBULINA TRANSPORTADORA DE HORMONAS SEXUALES);SANGRE;No;0;area;OK
480;HORM026;HOR;SOMATOMEDINA C (IGF-1);SANGRE;No;0;area;OK
143;144;HOR;T3 LIBRE;SANGRE;No;0;area;OK
334;HORM003;HOR;T3 Y T4;SANGRE;No;0;ya asignado;
144;145;HOR;T4 LIBRE;SANGRE;No;0;area;OK
152;153;HOR;TESTOSTERONA;SANGRE;No;0;area;OK
482;HORM027;HOR;TESTOSTERONA  TOTAL;SANGRE;No;0;area;OK
157;158;HOR;TESTOSTERONA LIBRE;SANGRE;No;0;area;OK
146;147;HOR;TIROGLOBULINA;SANGRE;No;0;area;OK
145;146;HOR;TSH;SANGRE;No;0;area;OK
501;SER010;INF;ADENOVIRUS Ag;SANGRE;No;0;area;OK
502;SER011;INF;ADENOVIRUS RESPIRATORIO-AG;SANGRE;No;0;area;OK
514;SER023;INF;ANTICUERPOS  ANTI- RUBEOLA;SANGRE;No;0;area;OK
523;SER032;INF;ANTICUERPOS ANTI-RUBEOLA IGG;SANGRE;No;0;area;OK
524;SER033;INF;ANTICUERPOS ANTI-RUBEOLA IGM;SANGRE;No;0;area;OK
529;SER038;INF;ANTICUERPOS IgG SARS-CoV2;SANGRE;No;0;area;OK
264;265;INF;ANTICUERPOS IgG/IgM COVID-19;SANGRE;No;0;area;OK
530;SER039;INF;ANTICUERPOS IgM SARS-CoV2:;SANGRE;No;0;area;OK
221;222;INF;ANTIGENO DE SUPERFICIE  (HBVAgS );SANGRE;No;0;area;OK
404;SER003;INF;ANTIGENO DE SUPERFICIE (HBS AG);SANGRE;No;0;area;OK
225;226;INF;ANTIGENO DE SUPERFICIE (HBVAgSAb);SANGRE;No;0;area;OK
17;18;INF;ANTIGENOS FEBRILES;SANGRE;No;0;area;OK
222;223;INF;ANTI-HBVcore;SANGRE;No;0;area;OK
223;224;INF;ANTI-HCV;SANGRE;No;0;area;OK
135;136;INF;ASLO CUANTITATIVO;SANGRE;No;0;area;OK
531;SER040;INF;ASPERGILLUS FUMIGATUS;SANGRE;No;0;area;OK
137;138;INF;CHAGAS;SANGRE;No;0;area;OK
452;SER096;INF;CHAGATEST;SANGRE;No;0;area;OK
538;SER047;INF;CHIKUNGUNYA IgM;SANGRE;No;0;area;OK
539;SER048;INF;CHLAMIDYA TRACHOMATIS IGG;SANGRE;No;0;area;OK
540;SER049;INF;CHLAMYDIA PNEUMONIAE IGG;SANGRE;No;0;area;OK
541;SER050;INF;CHLAMYDIA PNEUMONIAE IGM;SANGRE;No;0;area;OK
542;SER051;INF;CHLAMYDIA TRACHOMATIS IGM;SANGRE;No;0;area;OK
543;SER052;INF;CLAMIDEAS  IGM;SANGRE;No;0;area;OK
544;SER053;INF;COCCIDIOIDES;SANGRE;No;0;area;OK
550;SER059;INF;COVID 19 Ag;SANGRE;No;0;area;OK
220;221;INF;COVID-19;SANGRE;No;0;area;OK
551;SER060;INF;DENGUE AG-NS1;SANGRE;No;0;area;OK
63;64;INF;DENGUE IgG -  IgM;SANGRE;No;0;area;OK
552;SER061;INF;DENGUE ZIKA CHICUNGUNYA;SANGRE;No;0;area;OK
553;SER062;INF;DETECCION ANTIGENO SARS CoV-2 (COVID-19);SANGRE;No;0;area;OK
554;SER063;INF;EPSTEIN  BARR  IGG;SANGRE;No;0;area;OK
555;SER064;INF;EPSTEIN  BARR  IGM;SANGRE;No;0;area;OK
556;SER065;INF;ERLICHIA ANTICUERPOS TOTALES;SANGRE;No;0;area;OK
558;SER067;INF;FTA ABS;SANGRE;No;0;area;OK
226;227;INF;HAV ANTICUERPOS TOTALES;SANGRE;No;0;area;OK
128;129;INF;Helicobacter pilory;SANGRE;No;0;area;OK
559;SER068;INF;HELICOBACTER PYLORI IGG;SANGRE;No;0;area;OK
560;SER069;INF;HELICOBACTER PYLORI IGM;SANGRE;No;0;area;OK
227;228;INF;"HEPATITIS  ""A"" IgG  ( HAV IgG )";SANGRE;No;0;area;OK
224;225;INF;"HEPATITIS  ""A"" IgM  ( HAV IgM )";SANGRE;No;0;area;OK
405;SER004;INF;HEPATITIS A IGG;SANGRE;No;0;area;OK
406;SER005;INF;HEPATITIS A IGM;SANGRE;No;0;area;OK
407;SER006;INF;HEPATITIS B ANTICORE;SANGRE;No;0;area;OK
408;SER007;INF;HEPATITIS C;SANGRE;No;0;area;OK
285;286;INF;HEPATITIS C;SANGRE;No;0;area;OK
561;SER070;INF;HEPATITIS C CUANTIFICADO;SANGRE;No;0;area;OK
562;SER071;INF;HERPES SIMPLE I IgG;SANGRE;No;0;area;OK
563;SER072;INF;HERPES SIMPLE I IgM;SANGRE;No;0;area;OK
564;SER073;INF;HERPES SIMPLE II IgG;SANGRE;No;0;area;OK
565;SER074;INF;HERPES SIMPLE II IgM;SANGRE;No;0;area;OK
566;SER075;INF;HISTOPLASMA;SANGRE;No;0;area;OK
567;SER076;INF;HISTOPLASMA CAPSULATUM (Detección por PCR );SANGRE;No;0;area;OK
131;132;INF;HIV;SANGRE;No;0;area;OK
142;143;INF;HIV ( CUALITATIVA);SANGRE;No;0;area;OK
349;SER002;INF;HIV 1 y 2;SANGRE;No;0;ya asignado;
338;SERO002;INF;HIV 1/2;SANGRE;No;0;ya asignado;
568;SER077;INF;HIV ELISA 4TA GENERACION;SANGRE;No;0;area;OK
138;139;INF;HTLV 1&2;SANGRE;No;0;area;OK
471;SER097;INF;HTLV I;SANGRE;No;0;area;OK
472;SER098;INF;HTLV II;SANGRE;No;0;area;OK
651;SER093;INF;INFLUENZA A - ANTIGENO;SANGRE;No;0;area;OK
570;SER079;INF;INFLUENZA A (VIRUS);SANGRE;No;0;area;OK
652;SER094;INF;INFLUENZA B - ANTIGENO;SANGRE;No;0;area;OK
571;SER080;INF;INFLUENZA B (VIRUS);SANGRE;No;0;area;OK
575;SER084;INF;MACHADO GUERREIRO (CHAGAS);SANGRE;No;0;area;OK
140;141;INF;MICOPLASMA IgG;SANGRE;No;0;area;OK
141;142;INF;MICOPLASMA IgM;SANGRE;No;0;area;OK
576;SER085;INF;MICOPLASMA PNEUMONIAE Ag;SANGRE;No;0;area;OK
127;128;INF;MONOTEST;SANGRE;No;0;area;OK
577;SER086;INF;MYCOPLASMA PNEUMONIAE IGG;SANGRE;No;0;area;OK
578;SER087;INF;MYCOPLASMA PNEUMONIAE IGM;SANGRE;No;0;area;OK
579;SER088;INF;PARACOCCIDIOIDES;SANGRE;No;0;area;OK
339;SERO003;INF;PERFIL HEPATITIS;SANGRE;No;0;ya asignado;
340;SERO004;INF;PERFIL TORCH;SANGRE;No;0;ya asignado;
580;SER089;INF;PNEUMO SCREEN;SANGRE;No;0;area;OK
409;SER008;INF;PROTEUS OX-19;SANGRE;No;0;area;OK
139;140;INF;RUBEOLA IgG;SANGRE;No;0;area;OK
136;137;INF;RUBEOLA IgM;SANGRE;No;0;area;OK
581;SER090;INF;SARAMPION  IGG;SANGRE;No;0;area;OK
582;SER091;INF;SARAMPION  IGM;SANGRE;No;0;area;OK
410;SER009;INF;TEST DE TOXOPLASMOSIS (HAI);SANGRE;No;0;area;OK
133;134;INF;Toxoplasma gondii  IgM;SANGRE;No;0;area;OK
134;135;INF;Toxoplasma gondii IgG;SANGRE;No;0;area;OK
370;SER001;INF;VDRL;SANGRE;No;0;ya asignado;
189;190;INF;Virus Epstein-Barr (IgG);SANGRE;No;0;area;OK
190;191;INF;Virus Epstein-Barr (IgM);SANGRE;No;0;area;OK
484;SER099;INF;VIRUS RESPIRATORIO SYNCYTIAL;SANGRE;No;0;area;OK
485;SER100;INF;VIRUS SINCITIAL RESPIRATORIO Ag;SANGRE;No;0;area;OK
217;218;INM;AGLUTININAS ANTI-RH;SANGRE;No;0;area;OK
187;188;INM;ANA;SANGRE;No;0;area;OK
503;SER012;INM;ANCA C (ANTI PR3);SANGRE;No;0;area;OK
504;SER013;INM;ANCA P (ANTI-MPO);SANGRE;No;0;area;OK
505;SER014;INM;ANTI DNA;SANGRE;No;0;area;OK
506;SER015;INM;ANTI DNA DOBLE CADENA;SANGRE;No;0;area;OK
507;SER016;INM;ANTI FOSFOLIPIDO IgG;SANGRE;No;0;area;OK
508;SER017;INM;ANTI FOSFOLIPIDO IgM;SANGRE;No;0;area;OK
431;SER101;INM;ANTI PEPTIDO CITRULINADO (ANTI CCP);SANGRE;No;0;area;OK
432;SER102;INM;ANTI RO-52;SANGRE;No;0;area;OK
433;SER103;INM;ANTI RO-60;SANGRE;No;0;area;OK
435;SER104;INM;ANTI-ACTINA;SANGRE;No;0;area;OK
436;SER105;INM;ANTI-AG CITOSOLICO HEPATICO;SANGRE;No;0;area;OK
437;SER106;INM;ANTI-AG. SOLUBLE HEPATICO/AG DE HIGADO Y PANCREAS;SANGRE;No;0;area;OK
512;SER021;INM;ANTICARDIOLIPINA IgG;SANGRE;No;0;area;OK
513;SER022;INM;ANTICARDIOLIPINA IgM;SANGRE;No;0;area;OK
170;171;INM;ANTI-CARDIOLIPINAS IgG;SANGRE;No;0;area;OK
169;170;INM;ANTI-CARDIOLIPINAS IgM;SANGRE;No;0;area;OK
515;SER024;INM;ANTICUERPOS ANTI MITOCONDRIALES;SANGRE;No;0;area;OK
516;SER025;INM;ANTICUERPOS ANTI-CITOPLASMA DE NEUTROFILOS (ANCA);SANGRE;No;0;area;OK
517;SER026;INM;ANTICUERPOS ANTI-DNP;SANGRE;No;0;area;OK
446;SER107;INM;ANTICUERPOS ANTI-INSULINA;SANGRE;Si;8;area;OK
518;SER027;INM;ANTICUERPOS ANTI-LA (SSB);SANGRE;No;0;area;OK
648;SER092;INM;ANTICUERPOS ANTI-MUSCULO LISO (SMA);SANGRE;No;0;area;OK
526;SER035;INM;ANTICUERPOS ANTIMÚSCULO LISO (SMA);SANGRE;No;0;area;OK
527;SER036;INM;ANTICUERPOS ANTINUCLEARES (ANA);SANGRE;No;0;area;OK
528;SER037;INM;ANTICUERPOS ANTINUCLEARES (ANA) SCREEN IgG;SANGRE;No;0;area;OK
520;SER029;INM;ANTICUERPOS ANTI-RIBOSOMAS (ANTI-RIB-P);SANGRE;No;0;area;OK
521;SER030;INM;ANTICUERPOS ANTI-RNP 70;SANGRE;No;0;area;OK
522;SER031;INM;ANTICUERPOS ANTI-RO (SSA);SANGRE;No;0;area;OK
525;SER034;INM;ANTICUERPOS ANTI-Sm;SANGRE;No;0;area;OK
438;SER108;INM;ANTI-DESMINA;SANGRE;No;0;area;OK
173;174;INM;ANTI-DNA;SANGRE;No;0;area;OK
509;SER018;INM;ANTI-DS DNA IgG;SANGRE;No;0;area;OK
439;SER109;INM;ANTI-GLIADINA DEAMINADA IgA GLIADINA 2DA. GENERACION;SANGRE;No;0;area;OK
440;SER110;INM;ANTI-GLIADINA IgA;SANGRE;No;0;area;OK
510;SER019;INM;ANTI-GLIADINA IgG;SANGRE;No;0;area;OK
441;SER111;INM;ANTI-GP200;SANGRE;No;0;area;OK
442;SER112;INM;ANTI-MICROSOMA DE HIGADO Y RIÑON;SANGRE;No;0;area;OK
443;SER113;INM;ANTI-MIOSINA;SANGRE;No;0;area;OK
180;181;INM;ANTI-MITOCONDRIALES;SANGRE;No;0;area;OK
511;SER020;INM;ANTI-MUSCULO LISO;SANGRE;No;0;area;OK
444;SER114;INM;ANTI-SP100;SANGRE;No;0;area;OK
532;SER041;INM;B2 GLICOPROTEINA IgG;SANGRE;No;0;area;OK
533;SER042;INM;B2 GLICOPROTEINA IgM;SANGRE;No;0;area;OK
175;176;INM;C3;SANGRE;No;0;area;OK
176;177;INM;C4;SANGRE;No;0;area;OK
536;SER045;INM;CADENA LIVIANA KAPPA EN SUERO;SANGRE;No;0;nombre;OK
537;SER046;INM;CADENA LIVIANA LAMBDA EN SUERO;SANGRE;No;0;nombre;OK
184;185;INM;CARDIOLIPINAS IgG;SANGRE;No;0;area;OK
182;183;INM;CARDIOLIPINAS IgM;SANGRE;No;0;area;OK
183;184;INM;CELULAS  LE;SANGRE;No;0;area;OK
174;175;INM;CH50;SANGRE;No;0;area;OK
545;SER054;INM;COMPLEMENTO C3;SANGRE;No;0;area;OK
546;SER055;INM;COMPLEMENTO C4;SANGRE;No;0;area;OK
547;SER056;INM;COMPLEMENTO CH-50;SANGRE;No;0;area;OK
216;217;INM;COOMBS DIRECTO;SANGRE;No;0;area;OK
215;216;INM;COOMBS INDIRECTO;SANGRE;No;0;area;OK
548;SER057;INM;COOMS DIRECTO;SANGRE;No;0;area;OK
549;SER058;INM;COOMS INDIRECTO;SANGRE;No;0;area;OK
179;180;INM;CRIOGLOBULINAS;SANGRE;No;0;area;OK
218;219;INM;EOSINOFILOS EN MOCO NASAL;SANGRE;No;0;area;OK
557;SER066;INM;FACTOR REUMATOIDEO IgG;SANGRE;No;0;area;OK
181;182;INM;IgA;SANGRE;No;0;area;OK
166;167;INM;IgE;SANGRE;No;0;area;OK
185;186;INM;IgG;SANGRE;No;0;area;OK
186;187;INM;IgM;SANGRE;No;0;area;OK
569;SER078;INM;IGM  SERICA;SANGRE;No;0;area;OK
572;SER081;INM;INMUNOGLOBULINA E;SANGRE;No;0;area;OK
573;SER082;INM;INMUNOGLOBULINA G;SANGRE;No;0;area;OK
574;SER083;INM;INMUNOGLOBULINA M;SANGRE;No;0;area;OK
658;SER095;INM;RA TEST (FACTOR REUMATOIDEO LATEX);SANGRE;No;0;area;OK
71;72;MIC;ADENOVIRUS/ROTAVIRUS;EXUDADO;No;0;area;OK
386;MIC015;MIC;Baciloscopia (BK/BAAR);ESPUTO;No;0;nombre;OK
77;78;MIC;BANCO DE SANGRE;SANGRE;No;0;nombre;OK
84;85;MIC;BK;ESPUTO;No;0;nombre;OK
129;130;MIC;CITOMEGALOVIRUS IgG;EXUDADO;No;0;area;OK
130;131;MIC;CITOMEGALOVIRUS IgM;EXUDADO;No;0;area;OK
374;MIC003;MIC;Coprocultivo;HECES;No;0;nombre;OK
380;MIC009;MIC;Cultivo de Esputo;ESPUTO;No;0;nombre;OK
381;MIC010;MIC;Cultivo de Liquidos Corporales;EXUDADO;No;0;area;OK
382;MIC011;MIC;Cultivo de Punta de Cateter;EXUDADO;No;0;area;OK
375;MIC004;MIC;Cultivo de Secrecion;EXUDADO;No;0;nombre;OK
388;MIC017;MIC;Cultivo de Secrecion Conjuntival;EXUDADO;No;0;nombre;OK
384;MIC013;MIC;Cultivo de Secrecion de Herida;EXUDADO;No;0;nombre;OK
376;MIC005;MIC;Cultivo de Secrecion Faringea;EXUDADO;No;0;nombre;OK
385;MIC014;MIC;Cultivo de Secrecion Nasal;EXUDADO;No;0;nombre;OK
378;MIC007;MIC;Cultivo de Secrecion Otica;EXUDADO;No;0;nombre;OK
379;MIC008;MIC;Cultivo de Secrecion Uretral;EXUDADO;No;0;nombre;OK
377;MIC006;MIC;Cultivo de Secrecion Vaginal;EXUDADO;No;0;nombre;OK
387;MIC016;MIC;Cultivo Micologico;EXUDADO;No;0;area;OK
373;MIC002;MIC;Hemocultivo;SANGRE;No;0;nombre;OK
383;MIC012;MIC;KOH - Examen Directo de Hongos;EXUDADO;No;0;area;OK
32;33;MIC;SEC. DE  HERIDA;EXUDADO;No;0;nombre;OK
60;61;MIC;SEC. VAGINAL ( NIÑAS );EXUDADO;No;0;nombre;OK
28;29;MIC;SECRECION OTICA;EXUDADO;No;0;nombre;OK
372;MIC001;MIC;Urocultivo;ORINA;No;0;nombre;OK
192;193;PAR;AZUCARES REDUCTORES;HECES;No;0;nombre;OK
39;40;PAR;CONCENTRADO DE HECES;HECES;No;0;nombre;OK
296;COPRO;PAR;COPROANALISIS COMPLETO;HECES;No;0;nombre;OK
347;COP001;PAR;Examen de Heces Completo;HECES;No;0;ya asignado;
178;179;PAR;GOTA GRUESA;SANGRE;No;0;nombre;OK
283;284;PAR;HECES;HECES;No;0;nombre;OK
100;101;PAR;HELICOBACTER PILORY EN HECES;HECES;No;0;nombre;OK
274;275;PAR;HEMOPARASITOS;SANGRE;No;0;nombre;OK
214;215;PAR;INVESTIGACION DE HEMOPARASITOS;SANGRE;No;0;nombre;OK
278;279;PAR;INVESTIGACION DE OXIUROS;HECES;No;0;nombre;OK
8;9;PAR;PH EN HECES;HECES;No;0;nombre;OK
40;41;PAR;PH URINARIO;ORINA;No;0;nombre;OK
476;PAR001;PAR;Plasmodium falciparum;SANGRE;No;0;nombre;OK
477;PAR002;PAR;Plasmodium vivax;SANGRE;No;0;nombre;OK
328;COPRO002;PAR;SANGRE OCULTA EN HECES;HECES;No;0;ya asignado;
256;257;PAR;SANGRE OCULTA EN HECES.;HECES;No;0;nombre;OK
193;194;PAR;SUDAN  III;HECES;No;0;nombre;OK
481;PAR003;PAR;TEST DETECCION AG.PALUDISMO/MALARIA;SANGRE;No;0;nombre;OK
411;QUI001;QUI;% DE SATURACION DE HIERRO;SANGRE;No;0;area;OK
598;QUI015;QUI;% DE SATURACION DE TRANSFERRINA;SANGRE;No;0;area;OK
426;QUI027;QUI;25 OH VITAMINA D;SANGRE;No;0;area;OK
412;QUI002;QUI;ACIDO LACTICO;SANGRE;No;0;area;OK
87;88;QUI;ACIDO URICO;SANGRE;Si;8;area;OK
413;QUI003;QUI;ACIDO VALPROICO;SANGRE;No;0;area;OK
164;165;QUI;ALFA-FETOPROTEINAS;SANGRE;No;0;area;OK
92;93;QUI;AMILASA;SANGRE;No;0;area;OK
414;QUI004;QUI;AMONIO;SANGRE;No;0;area;OK
430;QUI028;QUI;ANION GAP;SANGRE;No;0;area;OK
352;INM003;QUI;Antiestreptolisinas (ASTO);SANGRE;No;0;ya asignado;
160;161;QUI;ANTIGENO CARCINO EMBRIONARIO (CEA);SANGRE;No;0;area;OK
448;QUI029;QUI;APO A;SANGRE;No;0;area;OK
449;QUI030;QUI;APO B1;SANGRE;No;0;area;OK
450;QUI031;QUI;B2 MICROGLOBULINA TOTAL;SANGRE;No;0;area;OK
177;178;QUI;B2 MICROGLOBULINA.;SANGRE;No;0;area;OK
415;QUI005;QUI;BETA 2 MICROGLOBULINAS;SANGRE;No;0;area;OK
323;QUIM014;QUI;BILIRRUBINA TOTAL Y FRACCIONADA;SANGRE;No;0;ya asignado;
161;162;QUI;CA 125;SANGRE;No;0;area;OK
163;164;QUI;CA 15-3;SANGRE;No;0;area;OK
162;163;QUI;CA 19-9;SANGRE;No;0;area;OK
451;QUI032;QUI;CA 72-4;SANGRE;No;0;area;OK
94;95;QUI;CALCIO;SANGRE;No;0;area;OK
416;QUI006;QUI;CAPACIDAD DE FIJACION;SANGRE;No;0;area;OK
165;166;QUI;CEA;SANGRE;No;0;area;OK
417;QUI007;QUI;CH 50;SANGRE;No;0;area;OK
109;110;QUI;CLORUROS SERICOS;SANGRE;No;0;nombre;OK
299;COLHDL;QUI;COLESTEROL HDL;SANGRE;Si;8;area;OK
599;QUI016;QUI;COLESTEROL HLD/(LDL+VLDL);SANGRE;Si;8;area;OK
300;COLLDL;QUI;COLESTEROL LDL;SANGRE;Si;8;area;OK
600;QUI017;QUI;COLESTEROL LDL/COLESTEROL HDL;SANGRE;Si;8;area;OK
601;QUI018;QUI;COLESTEROL NO HDL;SANGRE;Si;8;area;OK
90;91;QUI;COLESTEROL TOTAL;SANGRE;Si;8;area;OK
602;QUI019;QUI;COLESTEROL TOTAL/COLESTEROL HDL;SANGRE;Si;8;area;OK
301;COLVLDL;QUI;COLESTEROL VLDL;SANGRE;Si;8;area;OK
418;QUI008;QUI;COLINESTERASA;SANGRE;No;0;area;OK
419;QUI009;QUI;CPK;SANGRE;No;0;area;OK
85;86;QUI;CREATININA;SANGRE;No;0;area;OK
2;3;QUI;ELECTROLITOS;SANGRE;No;0;area;OK
351;INM002;QUI;Factor Reumatoideo;SANGRE;No;0;ya asignado;
211;212;QUI;FERRITINA;SANGRE;No;0;area;OK
464;QUI033;QUI;FOLATO;SANGRE;No;0;area;OK
115;116;QUI;FOSFATASA  ACIDA TOTAL;SANGRE;No;0;area;OK
420;QUI010;QUI;FOSFATASA ACIDA PROSTATICA;SANGRE;No;0;area;OK
99;100;QUI;FOSFATASA ALCALINA;SANGRE;No;0;area;OK
57;58;QUI;FOSFATASAS  ACIDAS TOTALES Y PROSTATICAS;SANGRE;No;0;area;OK
95;96;QUI;FOSFORO SERICO;SANGRE;No;0;nombre;OK
98;99;QUI;GAMMA GLUTAMIL TRANF. ( GGT);SANGRE;No;0;area;OK
366;QUIM001;QUI;Glicemia;SANGRE;No;0;ya asignado;
103;104;QUI;GLICEMIA  30   MINUTOS;SANGRE;Si;8;area;OK
104;105;QUI;GLICEMIA  60   MINUTOS;SANGRE;Si;8;area;OK
105;106;QUI;GLICEMIA  90   MINUTOS;SANGRE;Si;8;area;OK
106;107;QUI;GLICEMIA 120 MINUTOS;SANGRE;Si;8;area;OK
110;111;QUI;GLICEMIA POST PANDRIAL;SANGRE;Si;8;area;OK
213;214;QUI;GLOBULOS ROJOS;SANGRE;No;0;area;OK
421;QUI011;QUI;HE4 (PROTEINA EPIDIDIMAL HUMANA 4);SANGRE;No;0;area;OK
101;102;QUI;HEMOGLOBINA GLICADA (HBA1C);SANGRE;No;0;nombre;OK
111;112;QUI;HIERRO SERICO;SANGRE;Si;8;nombre;OK
422;QUI012;QUI;HOMOCISTEINA;SANGRE;No;0;area;OK
603;QUI020;QUI;INDICE DE HOMA;SANGRE;No;0;area;OK
97;98;QUI;LACTATO DESHD. ( LDH );SANGRE;No;0;area;OK
93;94;QUI;LIPASA;SANGRE;No;0;area;OK
1;2;QUI;LIPIDOGRAMA;SANGRE;Si;8;area;OK
604;QUI021;QUI;LIPIDOS TOTALES;SANGRE;Si;8;area;OK
647;QUI025;QUI;LIPOPROTEINA (a);SANGRE;No;0;area;OK
30;31;QUI;LIQUIDO ASCITICO CITOQIMICO;SANGRE;No;0;area;OK
67;68;QUI;LIQUIDO CEFALO RAQUIDEO (CITIQUIMICO);SANGRE;No;0;area;OK
31;32;QUI;LIQUIDO PROSTATICO CITOOQUIMICO;SANGRE;No;0;area;OK
96;97;QUI;MAGNESIO SERICO;SANGRE;No;0;nombre;OK
646;QUI034;QUI;NT-PROBNP;SANGRE;No;0;area;OK
171;172;QUI;PCR  CUANTIFICADA;SANGRE;No;0;area;OK
191;192;QUI;PCR (ALTA SENSIBILAD);SANGRE;No;0;area;OK
341;SERO005;QUI;PCR CUANTITATIVA;SANGRE;No;0;ya asignado;
645;QUI024;QUI;PERFIL 20;SANGRE;Si;8;area;OK
391;;QUI;PERFIL DE FUNCION RENAL COMPLETO;SANGRE;No;0;area;OK
390;;QUI;PERFIL DE RESISTENCIA A INSULINA;SANGRE;Si;8;area;OK
368;QUIM003;QUI;Perfil Hepatico;SANGRE;No;0;ya asignado;
367;QUIM002;QUI;Perfil Lipidico;SANGRE;No;0;ya asignado;
78;79;QUI;PERFIL PROSTATICO;SANGRE;No;0;area;OK
294;PSA;QUI;PERFIL PSA;SANGRE;No;0;area;OK
369;QUIM004;QUI;Perfil Renal;SANGRE;No;0;ya asignado;
605;QUI022;QUI;PLOMO SERICO;SANGRE;No;0;nombre;OK
108;109;QUI;POTASIO;SANGRE;No;0;area;OK
474;QUI035;QUI;PRO BNP;SANGRE;No;0;area;OK
487;QUI036;QUI;PROCALCITONINA;SANGRE;No;0;area;OK
350;INM001;QUI;Proteina C Reactiva (PCR);SANGRE;No;0;ya asignado;
475;QUI037;QUI;PROTEINA C REACTIVA ULTRASENSIBLE;SANGRE;No;0;area;OK
50;51;QUI;PROTEINAS TOTALES Y FRACCIONADAS;SANGRE;No;0;area;OK
159;160;QUI;PSA LIBRE;SANGRE;No;0;area;OK
158;159;QUI;PSA TOTAL;SANGRE;No;0;area;OK
335;HORM004;QUI;PSA TOTAL Y LIBRE;SANGRE;No;0;ya asignado;
172;173;QUI;RA-TEST;SANGRE;No;0;area;OK
657;QUI026;QUI;RELACION ALBUMINA/GLOBULINA (A/G);SANGRE;No;0;area;OK
423;QUI013;QUI;RELACION PSA LIBRE / PSA TOTAL;SANGRE;No;0;area;OK
424;QUI014;QUI;SHBG(CAPTACION DE HIERRO;SANGRE;No;0;area;OK
107;108;QUI;SODIO;SANGRE;No;0;area;OK
88;89;QUI;TGO;SANGRE;No;0;area;OK
89;90;QUI;TGP;SANGRE;No;0;area;OK
112;113;QUI;TIBC;SANGRE;No;0;area;OK
389;QUIM005;QUI;Tolerancia a la Glucosa (Curva de Glucemia);SANGRE;Si;8;area;OK
322;QUIM013;QUI;TRANSAMINASAS (TGO/TGP);SANGRE;No;0;ya asignado;
212;213;QUI;TRANSFERRINA;SANGRE;No;0;area;OK
91;92;QUI;TRIGLICERIDOS;SANGRE;Si;8;area;OK
606;QUI023;QUI;TROPONINA;SANGRE;No;0;area;OK
86;87;QUI;UREA;SANGRE;No;0;area;OK
486;QUI038;QUI;VITAMINA B12;SANGRE;No;0;area;OK
478;REN001;REN;RELACION  FOSFORO /CREATININA;SANGRE;No;0;area;OK
252;REN002;REN;RELACION ACIDO URICO /  CREATININA;SANGRE;Si;8;area;OK
635;REN003;REN;RELACION ACIDO URICO/CREATININA;SANGRE;Si;8;area;OK
636;REN004;REN;RELACION ALBUMINA/CREATININA;SANGRE;No;0;area;OK
251;REN005;REN;RELACION CALCIO / CREATININA;SANGRE;No;0;area;OK
637;REN006;REN;RELACION CALCIO/CREATININA;SANGRE;No;0;area;OK
638;REN007;REN;RELACION FOSFORO / CREATININA;SANGRE;No;0;area;OK
534;SER043;SER;B2 MICROGLOBULINA IgG;SANGRE;No;0;area;OK
535;SER044;SER;B2 MICROGLOBULINA IgM;SANGRE;No;0;area;OK
206;207;SER;PRUEBA DE EMBARAZO;SANGRE;No;0;area;OK
279;280;SER;PRUEBA NUEVA;SANGRE;No;0;area;OK
497;URO002;URO;1 SODIO EN ORINA PARCIAL (NA+);ORINA;No;0;nombre;OK
498;URO003;URO;2 POTASIO EN ORINA PARCIAL (K+);ORINA;No;0;nombre;OK
499;URO004;URO;3 CLORO EN ORINA PARCIAL (CL-);ORINA;No;0;nombre;OK
241;242;URO;ACIDO URICO EN ORINA 24 H;ORINA;Si;8;nombre;OK
607;URO006;URO;ACIDO URICO EN ORINA DE 24 HORAS;ORINA;Si;8;nombre;OK
254;255;URO;ACIDO URICO EN ORINA PARCIAL;ORINA;Si;8;nombre;OK
608;URO007;URO;ALBUMINA EN ORINA DE 24 HORAS;ORINA;No;0;nombre;OK
609;URO008;URO;ALBUMINA ORINA PARCIAL;ORINA;No;0;nombre;OK
610;URO009;URO;ANFETAMINA EN ORINA;ORINA;No;0;nombre;OK
240;241;URO;CALCIO EN ORINA;ORINA;No;0;nombre;OK
611;URO010;URO;CALCIO EN ORINA DE 24 HORAS;ORINA;No;0;nombre;OK
255;256;URO;CALCIO EN ORINA PALCIAL;ORINA;No;0;nombre;OK
612;URO011;URO;CALCIO EN ORINA PARCIAL;ORINA;No;0;nombre;OK
248;249;URO;CITRATO;ORINA;No;0;area;OK
613;URO012;URO;CITRATO EN ORINA DE 24 HORAS;ORINA;No;0;nombre;OK
13;14;URO;CLEARENCE DE CREATININA;ORINA;No;0;area;OK
239;240;URO;CLORO EN ORINA;ORINA;No;0;nombre;OK
614;URO013;URO;CLORO EN ORINA DE 24 HORAS;ORINA;No;0;nombre;OK
615;URO014;URO;CLORO ORINA PARCIAL;ORINA;No;0;nombre;OK
616;URO015;URO;COCAINA EN ORINA PARCIAL;ORINA;No;0;nombre;OK
617;URO016;URO;CREATININA EN ORINA DE 24 HORAS;ORINA;No;0;nombre;OK
618;URO017;URO;CREATININA EN ORINA PARCIAL;ORINA;No;0;nombre;OK
245;246;URO;CREATININA EN ORINA PARCIAL.;ORINA;No;0;nombre;OK
243;244;URO;CREATININA EN ORINA.24H;ORINA;No;0;nombre;OK
619;URO018;URO;DEBITO URINARIO;ORINA;No;0;nombre;OK
24;25;URO;DENSIDAD URINARIA;ORINA;No;0;area;OK
620;URO019;URO;DEPURACION;ORINA;No;0;nombre;OK
621;URO020;URO;DEPURACION DE UREA;ORINA;No;0;nombre;OK
52;53;URO;ELECTROLITOS EN ORINA.;ORINA;No;0;nombre;OK
83;84;URO;ELECTROLOITOS EN ORINA PARCIAL;ORINA;No;0;nombre;OK
253;254;URO;FOSFORO EN ORINA;ORINA;No;0;nombre;OK
242;243;URO;FOSFORO EN ORINA 24 H;ORINA;No;0;nombre;OK
622;URO021;URO;FOSFORO EN ORINA 24 HORAS;ORINA;No;0;nombre;OK
623;URO022;URO;FOSFORO EN ORINA PARCIAL;ORINA;No;0;nombre;OK
624;URO023;URO;HEROINA EN ORINA;ORINA;No;0;nombre;OK
247;248;URO;MAGNESIO EN ORINA DE 24 HORAS;ORINA;No;0;nombre;OK
625;URO024;URO;MAGNESIO EN ORINA PARCIAL;ORINA;No;0;nombre;OK
626;URO025;URO;MARIHUANA EN ORINA;ORINA;No;0;nombre;OK
627;URO026;URO;METANFETAMINA EN ORINA;ORINA;No;0;nombre;OK
250;251;URO;MICROALBUMINURIA;ORINA;No;0;nombre;OK
628;URO027;URO;MICROALBUMINURIA EN ORINA DE 24 HORAS;ORINA;No;0;nombre;OK
629;URO028;URO;MICROALBUMINURIA EN ORINA PARCIAL;ORINA;No;0;nombre;OK
630;URO029;URO;OXALATO DE CALCIO ORINA PARCIAL;ORINA;No;0;nombre;OK
500;URO005;URO;OXALATO ORINA  24 H;ORINA;No;0;nombre;OK
238;239;URO;POTASIO EN ORINA;ORINA;No;0;nombre;OK
631;URO030;URO;POTASIO EN ORINA 24 HORAS;ORINA;No;0;nombre;OK
632;URO031;URO;PROTEINA EN ORINA;ORINA;No;0;nombre;OK
272;273;URO;PROTEINAS DE BENCE-JONES;ORINA;No;0;area;OK
249;250;URO;PROTEINURIA DE 18 HORAS;ORINA;No;0;area;OK
237;238;URO;PROTEINURIA DE 24 HORAS;ORINA;No;0;area;OK
633;URO032;URO;PROTEINURIA EN 24 HORAS;ORINA;No;0;area;OK
634;URO033;URO;PROTEINURIA MINUTADA;ORINA;No;0;area;OK
639;URO038;URO;SODIO EN ORINA DE 24 HORAS;ORINA;No;0;nombre;OK
640;URO039;URO;SUPERFICIE COORPORAL;ORINA;No;0;area;OK
641;URO040;URO;TIEMPO EN MINUTO;ORINA;No;0;area;OK
642;URO041;URO;UREA EN ORINA  24 HORAS;ORINA;No;0;nombre;OK
643;URO042;URO;UREA EN ORINA PARCIAL;ORINA;No;0;nombre;OK
246;247;URO;UREA EN ORINA PARCIAL.;ORINA;No;0;nombre;OK
244;245;URO;UREA ORINA 24 h.;ORINA;No;0;nombre;OK
326;URO001;URO;UROANALISIS COMPLETO;ORINA;No;0;ya asignado;
483;URO044;URO;UROGEN;ORINA;No;0;nombre;OK
644;URO043;URO;VOLUMEN MINUTADO;ORINA;No;0;area;OK
